index,imageName,fontName
1,가_32_img1.png,32
2,각_49_img2.png,49
3,간_32_img3.png,32
4,갇_28_img4.png,28
5,갈_30_img5.png,30
6,갉_49_img6.png,49
7,갊_49_img7.png,49
8,감_30_img8.png,30
9,갑_28_img9.png,28
10,값_49_img10.png,49
11,갓_32_img11.png,32
12,갔_28_img12.png,28
13,강_30_img13.png,30
14,갖_37_img14.png,37
15,갗_30_img15.png,30
16,같_49_img16.png,49
17,갚_49_img17.png,49
18,갛_32_img18.png,32
19,개_30_img19.png,30
20,객_30_img20.png,30
21,갠_4_img21.png,4
22,갤_28_img22.png,28
23,갬_30_img23.png,30
24,갭_37_img24.png,37
25,갯_32_img25.png,32
26,갰_37_img26.png,37
27,갱_30_img27.png,30
28,갸_32_img28.png,32
29,갹_37_img29.png,37
30,갼_30_img30.png,30
31,걀_32_img31.png,32
32,걋_4_img32.png,4
33,걍_49_img33.png,49
34,걔_37_img34.png,37
35,걘_49_img35.png,49
36,걜_49_img36.png,49
37,거_28_img37.png,28
38,걱_49_img38.png,49
39,건_49_img39.png,49
40,걷_49_img40.png,49
41,걸_28_img41.png,28
42,걺_4_img42.png,4
43,검_4_img43.png,4
44,겁_37_img44.png,37
45,것_49_img45.png,49
46,겄_32_img46.png,32
47,겅_49_img47.png,49
48,겆_49_img48.png,49
49,겉_37_img49.png,37
50,겊_49_img50.png,49
51,겋_32_img51.png,32
52,게_49_img52.png,49
53,겐_37_img53.png,37
54,겔_30_img54.png,30
55,겜_49_img55.png,49
56,겝_32_img56.png,32
57,겟_32_img57.png,32
58,겠_28_img58.png,28
59,겡_4_img59.png,4
60,겨_4_img60.png,4
61,격_49_img61.png,49
62,겪_28_img62.png,28
63,견_30_img63.png,30
64,겯_28_img64.png,28
65,결_30_img65.png,30
66,겸_30_img66.png,30
67,겹_4_img67.png,4
68,겻_30_img68.png,30
69,겼_49_img69.png,49
70,경_49_img70.png,49
71,곁_49_img71.png,49
72,계_28_img72.png,28
73,곈_32_img73.png,32
74,곌_49_img74.png,49
75,곕_37_img75.png,37
76,곗_4_img76.png,4
77,고_4_img77.png,4
78,곡_28_img78.png,28
79,곤_4_img79.png,4
80,곧_4_img80.png,4
81,골_4_img81.png,4
82,곪_32_img82.png,32
83,곬_28_img83.png,28
84,곯_30_img84.png,30
85,곰_32_img85.png,32
86,곱_30_img86.png,30
87,곳_28_img87.png,28
88,공_28_img88.png,28
89,곶_37_img89.png,37
90,과_32_img90.png,32
91,곽_4_img91.png,4
92,관_4_img92.png,4
93,괄_32_img93.png,32
94,괆_30_img94.png,30
95,괌_28_img95.png,28
96,괍_30_img96.png,30
97,괏_4_img97.png,4
98,광_49_img98.png,49
99,괘_28_img99.png,28
100,괜_30_img100.png,30
101,괠_32_img101.png,32
102,괩_37_img102.png,37
103,괬_30_img103.png,30
104,괭_32_img104.png,32
105,괴_28_img105.png,28
106,괵_49_img106.png,49
107,괸_30_img107.png,30
108,괼_37_img108.png,37
109,굄_32_img109.png,32
110,굅_4_img110.png,4
111,굇_4_img111.png,4
112,굉_32_img112.png,32
113,교_49_img113.png,49
114,굔_49_img114.png,49
115,굘_32_img115.png,32
116,굡_32_img116.png,32
117,굣_37_img117.png,37
118,구_28_img118.png,28
119,국_49_img119.png,49
120,군_4_img120.png,4
121,굳_30_img121.png,30
122,굴_28_img122.png,28
123,굵_32_img123.png,32
124,굶_32_img124.png,32
125,굻_30_img125.png,30
126,굼_30_img126.png,30
127,굽_4_img127.png,4
128,굿_30_img128.png,30
129,궁_4_img129.png,4
130,궂_30_img130.png,30
131,궈_32_img131.png,32
132,궉_49_img132.png,49
133,권_4_img133.png,4
134,궐_49_img134.png,49
135,궜_37_img135.png,37
136,궝_4_img136.png,4
137,궤_30_img137.png,30
138,궷_49_img138.png,49
139,귀_37_img139.png,37
140,귁_30_img140.png,30
141,귄_32_img141.png,32
142,귈_28_img142.png,28
143,귐_37_img143.png,37
144,귑_37_img144.png,37
145,귓_49_img145.png,49
146,규_49_img146.png,49
147,균_28_img147.png,28
148,귤_4_img148.png,4
149,그_30_img149.png,30
150,극_49_img150.png,49
151,근_30_img151.png,30
152,귿_30_img152.png,30
153,글_37_img153.png,37
154,긁_32_img154.png,32
155,금_4_img155.png,4
156,급_37_img156.png,37
157,긋_28_img157.png,28
158,긍_28_img158.png,28
159,긔_28_img159.png,28
160,기_4_img160.png,4
161,긱_49_img161.png,49
162,긴_37_img162.png,37
163,긷_30_img163.png,30
164,길_37_img164.png,37
165,긺_4_img165.png,4
166,김_37_img166.png,37
167,깁_49_img167.png,49
168,깃_32_img168.png,32
169,깅_37_img169.png,37
170,깆_28_img170.png,28
171,깊_4_img171.png,4
172,까_49_img172.png,49
173,깍_37_img173.png,37
174,깎_37_img174.png,37
175,깐_37_img175.png,37
176,깔_32_img176.png,32
177,깖_49_img177.png,49
178,깜_37_img178.png,37
179,깝_32_img179.png,32
180,깟_49_img180.png,49
181,깠_4_img181.png,4
182,깡_32_img182.png,32
183,깥_4_img183.png,4
184,깨_32_img184.png,32
185,깩_30_img185.png,30
186,깬_30_img186.png,30
187,깰_37_img187.png,37
188,깸_4_img188.png,4
189,깹_28_img189.png,28
190,깻_30_img190.png,30
191,깼_30_img191.png,30
192,깽_49_img192.png,49
193,꺄_30_img193.png,30
194,꺅_32_img194.png,32
195,꺌_30_img195.png,30
196,꺼_37_img196.png,37
197,꺽_32_img197.png,32
198,꺾_28_img198.png,28
199,껀_37_img199.png,37
200,껄_28_img200.png,28
201,껌_30_img201.png,30
202,껍_37_img202.png,37
203,껏_49_img203.png,49
204,껐_49_img204.png,49
205,껑_49_img205.png,49
206,께_28_img206.png,28
207,껙_37_img207.png,37
208,껜_32_img208.png,32
209,껨_30_img209.png,30
210,껫_37_img210.png,37
211,껭_32_img211.png,32
212,껴_37_img212.png,37
213,껸_28_img213.png,28
214,껼_32_img214.png,32
215,꼇_49_img215.png,49
216,꼈_49_img216.png,49
217,꼍_30_img217.png,30
218,꼐_32_img218.png,32
219,꼬_32_img219.png,32
220,꼭_30_img220.png,30
221,꼰_37_img221.png,37
222,꼲_28_img222.png,28
223,꼴_32_img223.png,32
224,꼼_37_img224.png,37
225,꼽_28_img225.png,28
226,꼿_4_img226.png,4
227,꽁_37_img227.png,37
228,꽂_37_img228.png,37
229,꽃_28_img229.png,28
230,꽈_37_img230.png,37
231,꽉_37_img231.png,37
232,꽐_28_img232.png,28
233,꽜_32_img233.png,32
234,꽝_30_img234.png,30
235,꽤_32_img235.png,32
236,꽥_4_img236.png,4
237,꽹_37_img237.png,37
238,꾀_4_img238.png,4
239,꾄_4_img239.png,4
240,꾈_30_img240.png,30
241,꾐_37_img241.png,37
242,꾑_32_img242.png,32
243,꾕_32_img243.png,32
244,꾜_32_img244.png,32
245,꾸_49_img245.png,49
246,꾹_4_img246.png,4
247,꾼_28_img247.png,28
248,꿀_4_img248.png,4
249,꿇_37_img249.png,37
250,꿈_28_img250.png,28
251,꿉_28_img251.png,28
252,꿋_32_img252.png,32
253,꿍_28_img253.png,28
254,꿎_32_img254.png,32
255,꿔_30_img255.png,30
256,꿜_30_img256.png,30
257,꿨_37_img257.png,37
258,꿩_49_img258.png,49
259,꿰_4_img259.png,4
260,꿱_37_img260.png,37
261,꿴_32_img261.png,32
262,꿸_37_img262.png,37
263,뀀_4_img263.png,4
264,뀁_4_img264.png,4
265,뀄_4_img265.png,4
266,뀌_4_img266.png,4
267,뀐_4_img267.png,4
268,뀔_4_img268.png,4
269,뀜_32_img269.png,32
270,뀝_49_img270.png,49
271,뀨_32_img271.png,32
272,끄_30_img272.png,30
273,끅_32_img273.png,32
274,끈_30_img274.png,30
275,끊_30_img275.png,30
276,끌_37_img276.png,37
277,끎_28_img277.png,28
278,끓_28_img278.png,28
279,끔_37_img279.png,37
280,끕_49_img280.png,49
281,끗_32_img281.png,32
282,끙_30_img282.png,30
283,끝_28_img283.png,28
284,끼_32_img284.png,32
285,끽_4_img285.png,4
286,낀_49_img286.png,49
287,낄_28_img287.png,28
288,낌_28_img288.png,28
289,낍_4_img289.png,4
290,낏_49_img290.png,49
291,낑_49_img291.png,49
292,나_4_img292.png,4
293,낙_4_img293.png,4
294,낚_49_img294.png,49
295,난_4_img295.png,4
296,낟_28_img296.png,28
297,날_30_img297.png,30
298,낡_28_img298.png,28
299,낢_30_img299.png,30
300,남_49_img300.png,49
301,납_32_img301.png,32
302,낫_32_img302.png,32
303,났_28_img303.png,28
304,낭_4_img304.png,4
305,낮_49_img305.png,49
306,낯_49_img306.png,49
307,낱_32_img307.png,32
308,낳_30_img308.png,30
309,내_37_img309.png,37
310,낵_49_img310.png,49
311,낸_28_img311.png,28
312,낼_37_img312.png,37
313,냄_37_img313.png,37
314,냅_4_img314.png,4
315,냇_49_img315.png,49
316,냈_28_img316.png,28
317,냉_32_img317.png,32
318,냐_28_img318.png,28
319,냑_32_img319.png,32
320,냔_28_img320.png,28
321,냘_37_img321.png,37
322,냠_32_img322.png,32
323,냥_30_img323.png,30
324,너_28_img324.png,28
325,넉_28_img325.png,28
326,넋_37_img326.png,37
327,넌_30_img327.png,30
328,널_30_img328.png,30
329,넒_30_img329.png,30
330,넓_32_img330.png,32
331,넘_32_img331.png,32
332,넙_30_img332.png,30
333,넛_32_img333.png,32
334,넜_37_img334.png,37
335,넝_49_img335.png,49
336,넣_49_img336.png,49
337,네_32_img337.png,32
338,넥_30_img338.png,30
339,넨_30_img339.png,30
340,넬_32_img340.png,32
341,넴_37_img341.png,37
342,넵_37_img342.png,37
343,넷_30_img343.png,30
344,넸_37_img344.png,37
345,넹_32_img345.png,32
346,녀_4_img346.png,4
347,녁_32_img347.png,32
348,년_30_img348.png,30
349,녈_4_img349.png,4
350,념_32_img350.png,32
351,녑_28_img351.png,28
352,녔_49_img352.png,49
353,녕_32_img353.png,32
354,녘_28_img354.png,28
355,녜_37_img355.png,37
356,녠_49_img356.png,49
357,노_30_img357.png,30
358,녹_32_img358.png,32
359,논_49_img359.png,49
360,놀_49_img360.png,49
361,놂_49_img361.png,49
362,놈_28_img362.png,28
363,놉_30_img363.png,30
364,놋_4_img364.png,4
365,농_30_img365.png,30
366,높_30_img366.png,30
367,놓_37_img367.png,37
368,놔_37_img368.png,37
369,놘_30_img369.png,30
370,놜_49_img370.png,49
371,놨_30_img371.png,30
372,뇌_4_img372.png,4
373,뇐_4_img373.png,4
374,뇔_4_img374.png,4
375,뇜_28_img375.png,28
376,뇝_32_img376.png,32
377,뇟_49_img377.png,49
378,뇨_49_img378.png,49
379,뇩_4_img379.png,4
380,뇬_32_img380.png,32
381,뇰_32_img381.png,32
382,뇹_49_img382.png,49
383,뇻_4_img383.png,4
384,뇽_30_img384.png,30
385,누_37_img385.png,37
386,눅_28_img386.png,28
387,눈_37_img387.png,37
388,눋_30_img388.png,30
389,눌_4_img389.png,4
390,눔_30_img390.png,30
391,눕_49_img391.png,49
392,눗_4_img392.png,4
393,눙_30_img393.png,30
394,눠_37_img394.png,37
395,눴_28_img395.png,28
396,눼_32_img396.png,32
397,뉘_30_img397.png,30
398,뉜_37_img398.png,37
399,뉠_32_img399.png,32
400,뉨_37_img400.png,37
401,뉩_37_img401.png,37
402,뉴_32_img402.png,32
403,뉵_4_img403.png,4
404,뉼_49_img404.png,49
405,늄_37_img405.png,37
406,늅_32_img406.png,32
407,늉_32_img407.png,32
408,느_32_img408.png,32
409,늑_49_img409.png,49
410,는_32_img410.png,32
411,늘_37_img411.png,37
412,늙_28_img412.png,28
413,늚_49_img413.png,49
414,늠_37_img414.png,37
415,늡_30_img415.png,30
416,늣_37_img416.png,37
417,능_49_img417.png,49
418,늦_37_img418.png,37
419,늪_30_img419.png,30
420,늬_37_img420.png,37
421,늰_32_img421.png,32
422,늴_30_img422.png,30
423,니_4_img423.png,4
424,닉_49_img424.png,49
425,닌_28_img425.png,28
426,닐_30_img426.png,30
427,닒_28_img427.png,28
428,님_32_img428.png,32
429,닙_37_img429.png,37
430,닛_28_img430.png,28
431,닝_28_img431.png,28
432,닢_49_img432.png,49
433,다_32_img433.png,32
434,닥_49_img434.png,49
435,닦_28_img435.png,28
436,단_49_img436.png,49
437,닫_28_img437.png,28
438,달_28_img438.png,28
439,닭_4_img439.png,4
440,닮_28_img440.png,28
441,닯_49_img441.png,49
442,닳_28_img442.png,28
443,담_30_img443.png,30
444,답_32_img444.png,32
445,닷_37_img445.png,37
446,닸_28_img446.png,28
447,당_37_img447.png,37
448,닺_4_img448.png,4
449,닻_28_img449.png,28
450,닿_4_img450.png,4
451,대_28_img451.png,28
452,댁_30_img452.png,30
453,댄_28_img453.png,28
454,댈_49_img454.png,49
455,댐_28_img455.png,28
456,댑_37_img456.png,37
457,댓_32_img457.png,32
458,댔_49_img458.png,49
459,댕_49_img459.png,49
460,댜_32_img460.png,32
461,더_4_img461.png,4
462,덕_4_img462.png,4
463,덖_30_img463.png,30
464,던_4_img464.png,4
465,덛_28_img465.png,28
466,덜_30_img466.png,30
467,덞_37_img467.png,37
468,덟_28_img468.png,28
469,덤_37_img469.png,37
470,덥_32_img470.png,32
471,덧_30_img471.png,30
472,덩_37_img472.png,37
473,덫_49_img473.png,49
474,덮_32_img474.png,32
475,데_28_img475.png,28
476,덱_37_img476.png,37
477,덴_4_img477.png,4
478,델_28_img478.png,28
479,뎀_32_img479.png,32
480,뎁_4_img480.png,4
481,뎃_4_img481.png,4
482,뎄_4_img482.png,4
483,뎅_30_img483.png,30
484,뎌_32_img484.png,32
485,뎐_49_img485.png,49
486,뎔_49_img486.png,49
487,뎠_28_img487.png,28
488,뎡_32_img488.png,32
489,뎨_28_img489.png,28
490,뎬_4_img490.png,4
491,도_32_img491.png,32
492,독_32_img492.png,32
493,돈_4_img493.png,4
494,돋_49_img494.png,49
495,돌_37_img495.png,37
496,돎_37_img496.png,37
497,돐_28_img497.png,28
498,돔_49_img498.png,49
499,돕_49_img499.png,49
500,돗_37_img500.png,37
501,동_28_img501.png,28
502,돛_30_img502.png,30
503,돝_37_img503.png,37
504,돠_28_img504.png,28
505,돤_32_img505.png,32
506,돨_37_img506.png,37
507,돼_32_img507.png,32
508,됐_37_img508.png,37
509,되_37_img509.png,37
510,된_4_img510.png,4
511,될_49_img511.png,49
512,됨_28_img512.png,28
513,됩_30_img513.png,30
514,됫_32_img514.png,32
515,됴_30_img515.png,30
516,두_49_img516.png,49
517,둑_49_img517.png,49
518,둔_32_img518.png,32
519,둘_30_img519.png,30
520,둠_37_img520.png,37
521,둡_4_img521.png,4
522,둣_30_img522.png,30
523,둥_4_img523.png,4
524,둬_32_img524.png,32
525,뒀_4_img525.png,4
526,뒈_37_img526.png,37
527,뒝_32_img527.png,32
528,뒤_32_img528.png,32
529,뒨_4_img529.png,4
530,뒬_4_img530.png,4
531,뒵_30_img531.png,30
532,뒷_37_img532.png,37
533,뒹_30_img533.png,30
534,듀_32_img534.png,32
535,듄_37_img535.png,37
536,듈_49_img536.png,49
537,듐_4_img537.png,4
538,듕_32_img538.png,32
539,드_49_img539.png,49
540,득_32_img540.png,32
541,든_49_img541.png,49
542,듣_28_img542.png,28
543,들_30_img543.png,30
544,듦_49_img544.png,49
545,듬_28_img545.png,28
546,듭_4_img546.png,4
547,듯_28_img547.png,28
548,등_28_img548.png,28
549,듸_4_img549.png,4
550,디_32_img550.png,32
551,딕_30_img551.png,30
552,딘_32_img552.png,32
553,딛_4_img553.png,4
554,딜_49_img554.png,49
555,딤_37_img555.png,37
556,딥_49_img556.png,49
557,딧_28_img557.png,28
558,딨_37_img558.png,37
559,딩_30_img559.png,30
560,딪_32_img560.png,32
561,따_32_img561.png,32
562,딱_32_img562.png,32
563,딴_28_img563.png,28
564,딸_49_img564.png,49
565,땀_32_img565.png,32
566,땁_4_img566.png,4
567,땃_37_img567.png,37
568,땄_28_img568.png,28
569,땅_28_img569.png,28
570,땋_4_img570.png,4
571,때_37_img571.png,37
572,땍_28_img572.png,28
573,땐_4_img573.png,4
574,땔_4_img574.png,4
575,땜_4_img575.png,4
576,땝_30_img576.png,30
577,땟_49_img577.png,49
578,땠_28_img578.png,28
579,땡_4_img579.png,4
580,떠_49_img580.png,49
581,떡_4_img581.png,4
582,떤_28_img582.png,28
583,떨_37_img583.png,37
584,떪_28_img584.png,28
585,떫_32_img585.png,32
586,떰_32_img586.png,32
587,떱_30_img587.png,30
588,떳_32_img588.png,32
589,떴_32_img589.png,32
590,떵_32_img590.png,32
591,떻_37_img591.png,37
592,떼_4_img592.png,4
593,떽_49_img593.png,49
594,뗀_37_img594.png,37
595,뗄_32_img595.png,32
596,뗌_4_img596.png,4
597,뗍_49_img597.png,49
598,뗏_4_img598.png,4
599,뗐_30_img599.png,30
600,뗑_37_img600.png,37
601,뗘_4_img601.png,4
602,뗬_4_img602.png,4
603,또_32_img603.png,32
604,똑_4_img604.png,4
605,똔_49_img605.png,49
606,똘_49_img606.png,49
607,똥_32_img607.png,32
608,똬_4_img608.png,4
609,똴_32_img609.png,32
610,뙈_28_img610.png,28
611,뙤_4_img611.png,4
612,뙨_49_img612.png,49
613,뚜_28_img613.png,28
614,뚝_4_img614.png,4
615,뚠_37_img615.png,37
616,뚤_32_img616.png,32
617,뚫_37_img617.png,37
618,뚬_37_img618.png,37
619,뚱_4_img619.png,4
620,뛔_37_img620.png,37
621,뛰_28_img621.png,28
622,뛴_37_img622.png,37
623,뛸_4_img623.png,4
624,뜀_28_img624.png,28
625,뜁_4_img625.png,4
626,뜅_4_img626.png,4
627,뜨_37_img627.png,37
628,뜩_28_img628.png,28
629,뜬_37_img629.png,37
630,뜯_37_img630.png,37
631,뜰_4_img631.png,4
632,뜸_4_img632.png,4
633,뜹_4_img633.png,4
634,뜻_4_img634.png,4
635,띄_37_img635.png,37
636,띈_28_img636.png,28
637,띌_32_img637.png,32
638,띔_28_img638.png,28
639,띕_28_img639.png,28
640,띠_30_img640.png,30
641,띤_4_img641.png,4
642,띨_49_img642.png,49
643,띰_37_img643.png,37
644,띱_49_img644.png,49
645,띳_37_img645.png,37
646,띵_49_img646.png,49
647,라_32_img647.png,32
648,락_37_img648.png,37
649,란_4_img649.png,4
650,랄_30_img650.png,30
651,람_30_img651.png,30
652,랍_37_img652.png,37
653,랏_28_img653.png,28
654,랐_4_img654.png,4
655,랑_28_img655.png,28
656,랒_49_img656.png,49
657,랖_4_img657.png,4
658,랗_32_img658.png,32
659,래_32_img659.png,32
660,랙_30_img660.png,30
661,랜_4_img661.png,4
662,랠_4_img662.png,4
663,램_4_img663.png,4
664,랩_28_img664.png,28
665,랫_30_img665.png,30
666,랬_28_img666.png,28
667,랭_4_img667.png,4
668,랴_28_img668.png,28
669,략_4_img669.png,4
670,랸_32_img670.png,32
671,럇_28_img671.png,28
672,량_37_img672.png,37
673,러_37_img673.png,37
674,럭_49_img674.png,49
675,런_30_img675.png,30
676,럴_4_img676.png,4
677,럼_30_img677.png,30
678,럽_37_img678.png,37
679,럿_28_img679.png,28
680,렀_49_img680.png,49
681,렁_28_img681.png,28
682,렇_49_img682.png,49
683,레_4_img683.png,4
684,렉_4_img684.png,4
685,렌_37_img685.png,37
686,렐_32_img686.png,32
687,렘_4_img687.png,4
688,렙_28_img688.png,28
689,렛_37_img689.png,37
690,렝_32_img690.png,32
691,려_37_img691.png,37
692,력_30_img692.png,30
693,련_37_img693.png,37
694,렬_4_img694.png,4
695,렴_28_img695.png,28
696,렵_32_img696.png,32
697,렷_30_img697.png,30
698,렸_28_img698.png,28
699,령_32_img699.png,32
700,례_28_img700.png,28
701,롄_49_img701.png,49
702,롑_30_img702.png,30
703,롓_4_img703.png,4
704,로_4_img704.png,4
705,록_4_img705.png,4
706,론_49_img706.png,49
707,롤_32_img707.png,32
708,롬_49_img708.png,49
709,롭_37_img709.png,37
710,롯_32_img710.png,32
711,롱_32_img711.png,32
712,롸_37_img712.png,37
713,롼_32_img713.png,32
714,뢍_4_img714.png,4
715,뢨_37_img715.png,37
716,뢰_49_img716.png,49
717,뢴_4_img717.png,4
718,뢸_32_img718.png,32
719,룀_4_img719.png,4
720,룁_37_img720.png,37
721,룃_28_img721.png,28
722,룅_49_img722.png,49
723,료_37_img723.png,37
724,룐_37_img724.png,37
725,룔_37_img725.png,37
726,룝_28_img726.png,28
727,룟_28_img727.png,28
728,룡_4_img728.png,4
729,루_49_img729.png,49
730,룩_49_img730.png,49
731,룬_30_img731.png,30
732,룰_37_img732.png,37
733,룸_4_img733.png,4
734,룹_49_img734.png,49
735,룻_32_img735.png,32
736,룽_32_img736.png,32
737,뤄_49_img737.png,49
738,뤘_32_img738.png,32
739,뤠_30_img739.png,30
740,뤼_4_img740.png,4
741,뤽_32_img741.png,32
742,륀_30_img742.png,30
743,륄_4_img743.png,4
744,륌_32_img744.png,32
745,륏_30_img745.png,30
746,륑_32_img746.png,32
747,류_37_img747.png,37
748,륙_37_img748.png,37
749,륜_32_img749.png,32
750,률_4_img750.png,4
751,륨_4_img751.png,4
752,륩_30_img752.png,30
753,륫_4_img753.png,4
754,륭_49_img754.png,49
755,르_30_img755.png,30
756,륵_32_img756.png,32
757,른_28_img757.png,28
758,를_28_img758.png,28
759,름_37_img759.png,37
760,릅_30_img760.png,30
761,릇_32_img761.png,32
762,릉_28_img762.png,28
763,릊_32_img763.png,32
764,릍_4_img764.png,4
765,릎_28_img765.png,28
766,리_49_img766.png,49
767,릭_28_img767.png,28
768,린_4_img768.png,4
769,릴_37_img769.png,37
770,림_28_img770.png,28
771,립_28_img771.png,28
772,릿_30_img772.png,30
773,링_30_img773.png,30
774,마_28_img774.png,28
775,막_30_img775.png,30
776,만_49_img776.png,49
777,많_49_img777.png,49
778,맏_32_img778.png,32
779,말_28_img779.png,28
780,맑_30_img780.png,30
781,맒_4_img781.png,4
782,맘_37_img782.png,37
783,맙_37_img783.png,37
784,맛_30_img784.png,30
785,망_37_img785.png,37
786,맞_37_img786.png,37
787,맡_28_img787.png,28
788,맣_4_img788.png,4
789,매_32_img789.png,32
790,맥_49_img790.png,49
791,맨_32_img791.png,32
792,맬_4_img792.png,4
793,맴_30_img793.png,30
794,맵_49_img794.png,49
795,맷_30_img795.png,30
796,맸_4_img796.png,4
797,맹_30_img797.png,30
798,맺_49_img798.png,49
799,먀_37_img799.png,37
800,먁_37_img800.png,37
801,먈_32_img801.png,32
802,먕_28_img802.png,28
803,머_32_img803.png,32
804,먹_32_img804.png,32
805,먼_49_img805.png,49
806,멀_30_img806.png,30
807,멂_37_img807.png,37
808,멈_32_img808.png,32
809,멉_30_img809.png,30
810,멋_32_img810.png,32
811,멍_32_img811.png,32
812,멎_28_img812.png,28
813,멓_32_img813.png,32
814,메_49_img814.png,49
815,멕_4_img815.png,4
816,멘_49_img816.png,49
817,멜_30_img817.png,30
818,멤_30_img818.png,30
819,멥_37_img819.png,37
820,멧_37_img820.png,37
821,멨_4_img821.png,4
822,멩_37_img822.png,37
823,며_37_img823.png,37
824,멱_30_img824.png,30
825,면_28_img825.png,28
826,멸_32_img826.png,32
827,몃_49_img827.png,49
828,몄_49_img828.png,49
829,명_49_img829.png,49
830,몇_30_img830.png,30
831,몌_37_img831.png,37
832,모_30_img832.png,30
833,목_4_img833.png,4
834,몫_49_img834.png,49
835,몬_4_img835.png,4
836,몰_28_img836.png,28
837,몲_37_img837.png,37
838,몸_30_img838.png,30
839,몹_4_img839.png,4
840,못_49_img840.png,49
841,몽_30_img841.png,30
842,뫄_37_img842.png,37
843,뫈_32_img843.png,32
844,뫘_30_img844.png,30
845,뫙_4_img845.png,4
846,뫼_37_img846.png,37
847,묀_4_img847.png,4
848,묄_49_img848.png,49
849,묍_49_img849.png,49
850,묏_30_img850.png,30
851,묑_49_img851.png,49
852,묘_37_img852.png,37
853,묜_30_img853.png,30
854,묠_4_img854.png,4
855,묩_37_img855.png,37
856,묫_32_img856.png,32
857,무_30_img857.png,30
858,묵_30_img858.png,30
859,묶_37_img859.png,37
860,문_28_img860.png,28
861,묻_30_img861.png,30
862,물_32_img862.png,32
863,묽_28_img863.png,28
864,묾_37_img864.png,37
865,뭄_28_img865.png,28
866,뭅_28_img866.png,28
867,뭇_32_img867.png,32
868,뭉_37_img868.png,37
869,뭍_30_img869.png,30
870,뭏_49_img870.png,49
871,뭐_30_img871.png,30
872,뭔_49_img872.png,49
873,뭘_4_img873.png,4
874,뭡_37_img874.png,37
875,뭣_30_img875.png,30
876,뭬_28_img876.png,28
877,뮈_30_img877.png,30
878,뮌_4_img878.png,4
879,뮐_28_img879.png,28
880,뮤_37_img880.png,37
881,뮨_30_img881.png,30
882,뮬_28_img882.png,28
883,뮴_4_img883.png,4
884,뮷_28_img884.png,28
885,므_37_img885.png,37
886,믄_49_img886.png,49
887,믈_4_img887.png,4
888,믐_4_img888.png,4
889,믓_4_img889.png,4
890,미_49_img890.png,49
891,믹_30_img891.png,30
892,민_32_img892.png,32
893,믿_49_img893.png,49
894,밀_49_img894.png,49
895,밂_32_img895.png,32
896,밈_28_img896.png,28
897,밉_28_img897.png,28
898,밋_49_img898.png,49
899,밌_4_img899.png,4
900,밍_32_img900.png,32
901,및_30_img901.png,30
902,밑_37_img902.png,37
903,바_30_img903.png,30
904,박_37_img904.png,37
905,밖_4_img905.png,4
906,밗_30_img906.png,30
907,반_30_img907.png,30
908,받_32_img908.png,32
909,발_37_img909.png,37
910,밝_49_img910.png,49
911,밞_4_img911.png,4
912,밟_37_img912.png,37
913,밤_30_img913.png,30
914,밥_49_img914.png,49
915,밧_30_img915.png,30
916,방_4_img916.png,4
917,밭_4_img917.png,4
918,배_4_img918.png,4
919,백_28_img919.png,28
920,밴_28_img920.png,28
921,밸_30_img921.png,30
922,뱀_28_img922.png,28
923,뱁_4_img923.png,4
924,뱃_32_img924.png,32
925,뱄_28_img925.png,28
926,뱅_37_img926.png,37
927,뱉_28_img927.png,28
928,뱌_4_img928.png,4
929,뱍_30_img929.png,30
930,뱐_49_img930.png,49
931,뱝_32_img931.png,32
932,버_49_img932.png,49
933,벅_4_img933.png,4
934,번_37_img934.png,37
935,벋_30_img935.png,30
936,벌_37_img936.png,37
937,벎_28_img937.png,28
938,범_49_img938.png,49
939,법_30_img939.png,30
940,벗_37_img940.png,37
941,벙_28_img941.png,28
942,벚_37_img942.png,37
943,베_32_img943.png,32
944,벡_37_img944.png,37
945,벤_32_img945.png,32
946,벧_32_img946.png,32
947,벨_30_img947.png,30
948,벰_32_img948.png,32
949,벱_4_img949.png,4
950,벳_49_img950.png,49
951,벴_28_img951.png,28
952,벵_32_img952.png,32
953,벼_30_img953.png,30
954,벽_28_img954.png,28
955,변_4_img955.png,4
956,별_49_img956.png,49
957,볍_32_img957.png,32
958,볏_49_img958.png,49
959,볐_4_img959.png,4
960,병_49_img960.png,49
961,볕_32_img961.png,32
962,볘_32_img962.png,32
963,볜_32_img963.png,32
964,보_4_img964.png,4
965,복_32_img965.png,32
966,볶_4_img966.png,4
967,본_32_img967.png,32
968,볼_49_img968.png,49
969,봄_32_img969.png,32
970,봅_49_img970.png,49
971,봇_32_img971.png,32
972,봉_28_img972.png,28
973,봐_32_img973.png,32
974,봔_49_img974.png,49
975,봤_37_img975.png,37
976,봬_32_img976.png,32
977,뵀_37_img977.png,37
978,뵈_4_img978.png,4
979,뵉_4_img979.png,4
980,뵌_49_img980.png,49
981,뵐_49_img981.png,49
982,뵘_30_img982.png,30
983,뵙_49_img983.png,49
984,뵤_37_img984.png,37
985,뵨_28_img985.png,28
986,부_32_img986.png,32
987,북_37_img987.png,37
988,분_37_img988.png,37
989,붇_32_img989.png,32
990,불_49_img990.png,49
991,붉_32_img991.png,32
992,붊_4_img992.png,4
993,붐_32_img993.png,32
994,붑_4_img994.png,4
995,붓_4_img995.png,4
996,붕_30_img996.png,30
997,붙_32_img997.png,32
998,붚_28_img998.png,28
999,붜_4_img999.png,4
1000,붤_49_img1000.png,49
1001,붰_28_img1001.png,28
1002,붸_37_img1002.png,37
1003,뷔_37_img1003.png,37
1004,뷕_37_img1004.png,37
1005,뷘_30_img1005.png,30
1006,뷜_32_img1006.png,32
1007,뷩_49_img1007.png,49
1008,뷰_28_img1008.png,28
1009,뷴_28_img1009.png,28
1010,뷸_4_img1010.png,4
1011,븀_37_img1011.png,37
1012,븃_32_img1012.png,32
1013,븅_4_img1013.png,4
1014,브_30_img1014.png,30
1015,븍_49_img1015.png,49
1016,븐_37_img1016.png,37
1017,블_32_img1017.png,32
1018,븜_30_img1018.png,30
1019,븝_4_img1019.png,4
1020,븟_4_img1020.png,4
1021,비_37_img1021.png,37
1022,빅_49_img1022.png,49
1023,빈_37_img1023.png,37
1024,빌_32_img1024.png,32
1025,빎_32_img1025.png,32
1026,빔_30_img1026.png,30
1027,빕_49_img1027.png,49
1028,빗_4_img1028.png,4
1029,빙_30_img1029.png,30
1030,빚_37_img1030.png,37
1031,빛_28_img1031.png,28
1032,빠_28_img1032.png,28
1033,빡_49_img1033.png,49
1034,빤_32_img1034.png,32
1035,빨_4_img1035.png,4
1036,빪_28_img1036.png,28
1037,빰_4_img1037.png,4
1038,빱_28_img1038.png,28
1039,빳_28_img1039.png,28
1040,빴_4_img1040.png,4
1041,빵_28_img1041.png,28
1042,빻_30_img1042.png,30
1043,빼_49_img1043.png,49
1044,빽_28_img1044.png,28
1045,뺀_32_img1045.png,32
1046,뺄_30_img1046.png,30
1047,뺌_28_img1047.png,28
1048,뺍_49_img1048.png,49
1049,뺏_37_img1049.png,37
1050,뺐_4_img1050.png,4
1051,뺑_32_img1051.png,32
1052,뺘_32_img1052.png,32
1053,뺙_49_img1053.png,49
1054,뺨_30_img1054.png,30
1055,뻐_49_img1055.png,49
1056,뻑_30_img1056.png,30
1057,뻔_49_img1057.png,49
1058,뻗_49_img1058.png,49
1059,뻘_30_img1059.png,30
1060,뻠_4_img1060.png,4
1061,뻣_49_img1061.png,49
1062,뻤_30_img1062.png,30
1063,뻥_4_img1063.png,4
1064,뻬_32_img1064.png,32
1065,뼁_4_img1065.png,4
1066,뼈_37_img1066.png,37
1067,뼉_32_img1067.png,32
1068,뼘_30_img1068.png,30
1069,뼙_4_img1069.png,4
1070,뼛_49_img1070.png,49
1071,뼜_30_img1071.png,30
1072,뼝_30_img1072.png,30
1073,뽀_49_img1073.png,49
1074,뽁_32_img1074.png,32
1075,뽄_37_img1075.png,37
1076,뽈_30_img1076.png,30
1077,뽐_28_img1077.png,28
1078,뽑_28_img1078.png,28
1079,뽕_4_img1079.png,4
1080,뾔_4_img1080.png,4
1081,뾰_30_img1081.png,30
1082,뿅_4_img1082.png,4
1083,뿌_4_img1083.png,4
1084,뿍_49_img1084.png,49
1085,뿐_30_img1085.png,30
1086,뿔_49_img1086.png,49
1087,뿜_4_img1087.png,4
1088,뿟_37_img1088.png,37
1089,뿡_49_img1089.png,49
1090,쀼_37_img1090.png,37
1091,쁑_28_img1091.png,28
1092,쁘_49_img1092.png,49
1093,쁜_32_img1093.png,32
1094,쁠_49_img1094.png,49
1095,쁨_32_img1095.png,32
1096,쁩_30_img1096.png,30
1097,삐_32_img1097.png,32
1098,삑_37_img1098.png,37
1099,삔_4_img1099.png,4
1100,삘_32_img1100.png,32
1101,삠_4_img1101.png,4
1102,삡_30_img1102.png,30
1103,삣_28_img1103.png,28
1104,삥_28_img1104.png,28
1105,사_32_img1105.png,32
1106,삭_37_img1106.png,37
1107,삯_30_img1107.png,30
1108,산_32_img1108.png,32
1109,삳_49_img1109.png,49
1110,살_4_img1110.png,4
1111,삵_32_img1111.png,32
1112,삶_37_img1112.png,37
1113,삼_30_img1113.png,30
1114,삽_32_img1114.png,32
1115,삿_30_img1115.png,30
1116,샀_32_img1116.png,32
1117,상_37_img1117.png,37
1118,샅_49_img1118.png,49
1119,새_4_img1119.png,4
1120,색_4_img1120.png,4
1121,샌_28_img1121.png,28
1122,샐_28_img1122.png,28
1123,샘_49_img1123.png,49
1124,샙_49_img1124.png,49
1125,샛_30_img1125.png,30
1126,샜_30_img1126.png,30
1127,생_30_img1127.png,30
1128,샤_37_img1128.png,37
1129,샥_28_img1129.png,28
1130,샨_49_img1130.png,49
1131,샬_28_img1131.png,28
1132,샴_28_img1132.png,28
1133,샵_30_img1133.png,30
1134,샷_32_img1134.png,32
1135,샹_4_img1135.png,4
1136,섀_32_img1136.png,32
1137,섄_4_img1137.png,4
1138,섈_37_img1138.png,37
1139,섐_30_img1139.png,30
1140,섕_49_img1140.png,49
1141,서_37_img1141.png,37
1142,석_28_img1142.png,28
1143,섞_49_img1143.png,49
1144,섟_37_img1144.png,37
1145,선_37_img1145.png,37
1146,섣_28_img1146.png,28
1147,설_4_img1147.png,4
1148,섦_28_img1148.png,28
1149,섧_37_img1149.png,37
1150,섬_49_img1150.png,49
1151,섭_37_img1151.png,37
1152,섯_28_img1152.png,28
1153,섰_30_img1153.png,30
1154,성_4_img1154.png,4
1155,섶_32_img1155.png,32
1156,세_37_img1156.png,37
1157,섹_28_img1157.png,28
1158,센_28_img1158.png,28
1159,셀_30_img1159.png,30
1160,셈_28_img1160.png,28
1161,셉_28_img1161.png,28
1162,셋_49_img1162.png,49
1163,셌_32_img1163.png,32
1164,셍_28_img1164.png,28
1165,셔_28_img1165.png,28
1166,셕_37_img1166.png,37
1167,션_30_img1167.png,30
1168,셜_4_img1168.png,4
1169,셤_28_img1169.png,28
1170,셥_32_img1170.png,32
1171,셧_30_img1171.png,30
1172,셨_37_img1172.png,37
1173,셩_32_img1173.png,32
1174,셰_4_img1174.png,4
1175,셴_4_img1175.png,4
1176,셸_37_img1176.png,37
1177,솅_30_img1177.png,30
1178,소_30_img1178.png,30
1179,속_30_img1179.png,30
1180,솎_4_img1180.png,4
1181,손_4_img1181.png,4
1182,솔_4_img1182.png,4
1183,솖_28_img1183.png,28
1184,솜_37_img1184.png,37
1185,솝_4_img1185.png,4
1186,솟_4_img1186.png,4
1187,송_28_img1187.png,28
1188,솥_49_img1188.png,49
1189,솨_37_img1189.png,37
1190,솩_28_img1190.png,28
1191,솬_4_img1191.png,4
1192,솰_4_img1192.png,4
1193,솽_28_img1193.png,28
1194,쇄_30_img1194.png,30
1195,쇈_28_img1195.png,28
1196,쇌_4_img1196.png,4
1197,쇔_32_img1197.png,32
1198,쇗_30_img1198.png,30
1199,쇘_37_img1199.png,37
1200,쇠_30_img1200.png,30
1201,쇤_49_img1201.png,49
1202,쇨_28_img1202.png,28
1203,쇰_32_img1203.png,32
1204,쇱_49_img1204.png,49
1205,쇳_32_img1205.png,32
1206,쇼_30_img1206.png,30
1207,쇽_37_img1207.png,37
1208,숀_28_img1208.png,28
1209,숄_30_img1209.png,30
1210,숌_32_img1210.png,32
1211,숍_4_img1211.png,4
1212,숏_4_img1212.png,4
1213,숑_28_img1213.png,28
1214,수_37_img1214.png,37
1215,숙_4_img1215.png,4
1216,순_37_img1216.png,37
1217,숟_30_img1217.png,30
1218,술_28_img1218.png,28
1219,숨_28_img1219.png,28
1220,숩_32_img1220.png,32
1221,숫_30_img1221.png,30
1222,숭_49_img1222.png,49
1223,숯_49_img1223.png,49
1224,숱_49_img1224.png,49
1225,숲_4_img1225.png,4
1226,숴_4_img1226.png,4
1227,쉈_28_img1227.png,28
1228,쉐_37_img1228.png,37
1229,쉑_49_img1229.png,49
1230,쉔_32_img1230.png,32
1231,쉘_32_img1231.png,32
1232,쉠_32_img1232.png,32
1233,쉥_4_img1233.png,4
1234,쉬_28_img1234.png,28
1235,쉭_28_img1235.png,28
1236,쉰_30_img1236.png,30
1237,쉴_49_img1237.png,49
1238,쉼_30_img1238.png,30
1239,쉽_28_img1239.png,28
1240,쉿_30_img1240.png,30
1241,슁_30_img1241.png,30
1242,슈_28_img1242.png,28
1243,슉_32_img1243.png,32
1244,슐_4_img1244.png,4
1245,슘_49_img1245.png,49
1246,슛_4_img1246.png,4
1247,슝_4_img1247.png,4
1248,스_28_img1248.png,28
1249,슥_32_img1249.png,32
1250,슨_37_img1250.png,37
1251,슬_49_img1251.png,49
1252,슭_4_img1252.png,4
1253,슴_30_img1253.png,30
1254,습_28_img1254.png,28
1255,슷_4_img1255.png,4
1256,승_32_img1256.png,32
1257,시_30_img1257.png,30
1258,식_28_img1258.png,28
1259,신_32_img1259.png,32
1260,싣_4_img1260.png,4
1261,실_37_img1261.png,37
1262,싫_37_img1262.png,37
1263,심_4_img1263.png,4
1264,십_30_img1264.png,30
1265,싯_4_img1265.png,4
1266,싱_37_img1266.png,37
1267,싶_4_img1267.png,4
1268,싸_30_img1268.png,30
1269,싹_4_img1269.png,4
1270,싻_4_img1270.png,4
1271,싼_32_img1271.png,32
1272,쌀_37_img1272.png,37
1273,쌈_30_img1273.png,30
1274,쌉_37_img1274.png,37
1275,쌌_28_img1275.png,28
1276,쌍_28_img1276.png,28
1277,쌓_49_img1277.png,49
1278,쌔_28_img1278.png,28
1279,쌕_28_img1279.png,28
1280,쌘_4_img1280.png,4
1281,쌜_32_img1281.png,32
1282,쌤_4_img1282.png,4
1283,쌥_30_img1283.png,30
1284,쌨_4_img1284.png,4
1285,쌩_49_img1285.png,49
1286,썅_32_img1286.png,32
1287,써_37_img1287.png,37
1288,썩_37_img1288.png,37
1289,썬_37_img1289.png,37
1290,썰_37_img1290.png,37
1291,썲_32_img1291.png,32
1292,썸_32_img1292.png,32
1293,썹_30_img1293.png,30
1294,썼_49_img1294.png,49
1295,썽_28_img1295.png,28
1296,쎄_30_img1296.png,30
1297,쎈_4_img1297.png,4
1298,쎌_30_img1298.png,30
1299,쏀_32_img1299.png,32
1300,쏘_37_img1300.png,37
1301,쏙_37_img1301.png,37
1302,쏜_4_img1302.png,4
1303,쏟_28_img1303.png,28
1304,쏠_4_img1304.png,4
1305,쏢_32_img1305.png,32
1306,쏨_49_img1306.png,49
1307,쏩_49_img1307.png,49
1308,쏭_32_img1308.png,32
1309,쏴_32_img1309.png,32
1310,쏵_49_img1310.png,49
1311,쏸_28_img1311.png,28
1312,쐈_32_img1312.png,32
1313,쐐_37_img1313.png,37
1314,쐤_4_img1314.png,4
1315,쐬_32_img1315.png,32
1316,쐰_49_img1316.png,49
1317,쐴_30_img1317.png,30
1318,쐼_4_img1318.png,4
1319,쐽_37_img1319.png,37
1320,쑈_4_img1320.png,4
1321,쑤_32_img1321.png,32
1322,쑥_4_img1322.png,4
1323,쑨_49_img1323.png,49
1324,쑬_32_img1324.png,32
1325,쑴_49_img1325.png,49
1326,쑵_49_img1326.png,49
1327,쑹_49_img1327.png,49
1328,쒀_28_img1328.png,28
1329,쒔_49_img1329.png,49
1330,쒜_37_img1330.png,37
1331,쒸_28_img1331.png,28
1332,쒼_30_img1332.png,30
1333,쓩_30_img1333.png,30
1334,쓰_32_img1334.png,32
1335,쓱_49_img1335.png,49
1336,쓴_4_img1336.png,4
1337,쓸_4_img1337.png,4
1338,쓺_49_img1338.png,49
1339,쓿_37_img1339.png,37
1340,씀_4_img1340.png,4
1341,씁_4_img1341.png,4
1342,씌_49_img1342.png,49
1343,씐_32_img1343.png,32
1344,씔_49_img1344.png,49
1345,씜_28_img1345.png,28
1346,씨_4_img1346.png,4
1347,씩_32_img1347.png,32
1348,씬_4_img1348.png,4
1349,씰_49_img1349.png,49
1350,씸_37_img1350.png,37
1351,씹_4_img1351.png,4
1352,씻_32_img1352.png,32
1353,씽_37_img1353.png,37
1354,아_30_img1354.png,30
1355,악_37_img1355.png,37
1356,안_37_img1356.png,37
1357,앉_49_img1357.png,49
1358,않_28_img1358.png,28
1359,알_4_img1359.png,4
1360,앍_28_img1360.png,28
1361,앎_4_img1361.png,4
1362,앓_32_img1362.png,32
1363,암_37_img1363.png,37
1364,압_30_img1364.png,30
1365,앗_30_img1365.png,30
1366,았_28_img1366.png,28
1367,앙_4_img1367.png,4
1368,앝_30_img1368.png,30
1369,앞_4_img1369.png,4
1370,애_49_img1370.png,49
1371,액_4_img1371.png,4
1372,앤_49_img1372.png,49
1373,앨_4_img1373.png,4
1374,앰_28_img1374.png,28
1375,앱_37_img1375.png,37
1376,앳_28_img1376.png,28
1377,앴_30_img1377.png,30
1378,앵_37_img1378.png,37
1379,야_32_img1379.png,32
1380,약_37_img1380.png,37
1381,얀_32_img1381.png,32
1382,얄_28_img1382.png,28
1383,얇_49_img1383.png,49
1384,얌_4_img1384.png,4
1385,얍_4_img1385.png,4
1386,얏_49_img1386.png,49
1387,양_30_img1387.png,30
1388,얕_37_img1388.png,37
1389,얗_49_img1389.png,49
1390,얘_30_img1390.png,30
1391,얜_37_img1391.png,37
1392,얠_32_img1392.png,32
1393,얩_49_img1393.png,49
1394,어_32_img1394.png,32
1395,억_32_img1395.png,32
1396,언_49_img1396.png,49
1397,얹_32_img1397.png,32
1398,얻_49_img1398.png,49
1399,얼_49_img1399.png,49
1400,얽_32_img1400.png,32
1401,얾_37_img1401.png,37
1402,엄_37_img1402.png,37
1403,업_30_img1403.png,30
1404,없_28_img1404.png,28
1405,엇_32_img1405.png,32
1406,었_32_img1406.png,32
1407,엉_4_img1407.png,4
1408,엊_28_img1408.png,28
1409,엌_49_img1409.png,49
1410,엎_28_img1410.png,28
1411,에_49_img1411.png,49
1412,엑_49_img1412.png,49
1413,엔_32_img1413.png,32
1414,엘_49_img1414.png,49
1415,엠_32_img1415.png,32
1416,엡_32_img1416.png,32
1417,엣_28_img1417.png,28
1418,엥_32_img1418.png,32
1419,여_37_img1419.png,37
1420,역_4_img1420.png,4
1421,엮_28_img1421.png,28
1422,연_30_img1422.png,30
1423,열_4_img1423.png,4
1424,엶_49_img1424.png,49
1425,엷_4_img1425.png,4
1426,염_49_img1426.png,49
1427,엽_30_img1427.png,30
1428,엾_37_img1428.png,37
1429,엿_4_img1429.png,4
1430,였_49_img1430.png,49
1431,영_28_img1431.png,28
1432,옅_4_img1432.png,4
1433,옆_37_img1433.png,37
1434,옇_4_img1434.png,4
1435,예_30_img1435.png,30
1436,옌_37_img1436.png,37
1437,옐_32_img1437.png,32
1438,옘_32_img1438.png,32
1439,옙_32_img1439.png,32
1440,옛_30_img1440.png,30
1441,옜_28_img1441.png,28
1442,오_49_img1442.png,49
1443,옥_28_img1443.png,28
1444,온_4_img1444.png,4
1445,올_30_img1445.png,30
1446,옭_30_img1446.png,30
1447,옮_37_img1447.png,37
1448,옰_30_img1448.png,30
1449,옳_28_img1449.png,28
1450,옴_32_img1450.png,32
1451,옵_28_img1451.png,28
1452,옷_4_img1452.png,4
1453,옹_4_img1453.png,4
1454,옻_30_img1454.png,30
1455,와_30_img1455.png,30
1456,왁_28_img1456.png,28
1457,완_4_img1457.png,4
1458,왈_37_img1458.png,37
1459,왐_30_img1459.png,30
1460,왑_37_img1460.png,37
1461,왓_4_img1461.png,4
1462,왔_32_img1462.png,32
1463,왕_49_img1463.png,49
1464,왜_30_img1464.png,30
1465,왝_37_img1465.png,37
1466,왠_4_img1466.png,4
1467,왬_37_img1467.png,37
1468,왯_30_img1468.png,30
1469,왱_28_img1469.png,28
1470,외_49_img1470.png,49
1471,왹_30_img1471.png,30
1472,왼_37_img1472.png,37
1473,욀_32_img1473.png,32
1474,욈_4_img1474.png,4
1475,욉_32_img1475.png,32
1476,욋_4_img1476.png,4
1477,욍_49_img1477.png,49
1478,요_32_img1478.png,32
1479,욕_30_img1479.png,30
1480,욘_28_img1480.png,28
1481,욜_49_img1481.png,49
1482,욤_32_img1482.png,32
1483,욥_28_img1483.png,28
1484,욧_28_img1484.png,28
1485,용_32_img1485.png,32
1486,우_4_img1486.png,4
1487,욱_30_img1487.png,30
1488,운_49_img1488.png,49
1489,울_30_img1489.png,30
1490,욹_32_img1490.png,32
1491,욺_49_img1491.png,49
1492,움_28_img1492.png,28
1493,웁_28_img1493.png,28
1494,웃_49_img1494.png,49
1495,웅_32_img1495.png,32
1496,워_49_img1496.png,49
1497,웍_4_img1497.png,4
1498,원_32_img1498.png,32
1499,월_37_img1499.png,37
1500,웜_32_img1500.png,32
1501,웝_28_img1501.png,28
1502,웠_4_img1502.png,4
1503,웡_28_img1503.png,28
1504,웨_32_img1504.png,32
1505,웩_30_img1505.png,30
1506,웬_4_img1506.png,4
1507,웰_4_img1507.png,4
1508,웸_49_img1508.png,49
1509,웹_4_img1509.png,4
1510,웽_4_img1510.png,4
1511,위_32_img1511.png,32
1512,윅_4_img1512.png,4
1513,윈_28_img1513.png,28
1514,윌_4_img1514.png,4
1515,윔_32_img1515.png,32
1516,윕_30_img1516.png,30
1517,윗_4_img1517.png,4
1518,윙_37_img1518.png,37
1519,유_4_img1519.png,4
1520,육_49_img1520.png,49
1521,윤_49_img1521.png,49
1522,율_4_img1522.png,4
1523,윰_37_img1523.png,37
1524,윱_49_img1524.png,49
1525,윳_49_img1525.png,49
1526,융_49_img1526.png,49
1527,윷_49_img1527.png,49
1528,으_37_img1528.png,37
1529,윽_30_img1529.png,30
1530,은_4_img1530.png,4
1531,을_32_img1531.png,32
1532,읊_37_img1532.png,37
1533,음_30_img1533.png,30
1534,읍_4_img1534.png,4
1535,읏_4_img1535.png,4
1536,응_49_img1536.png,49
1537,읒_28_img1537.png,28
1538,읓_30_img1538.png,30
1539,읔_32_img1539.png,32
1540,읕_49_img1540.png,49
1541,읖_30_img1541.png,30
1542,읗_37_img1542.png,37
1543,의_49_img1543.png,49
1544,읜_28_img1544.png,28
1545,읠_28_img1545.png,28
1546,읨_49_img1546.png,49
1547,읫_32_img1547.png,32
1548,이_30_img1548.png,30
1549,익_49_img1549.png,49
1550,인_32_img1550.png,32
1551,일_37_img1551.png,37
1552,읽_4_img1552.png,4
1553,읾_49_img1553.png,49
1554,잃_28_img1554.png,28
1555,임_49_img1555.png,49
1556,입_28_img1556.png,28
1557,잇_30_img1557.png,30
1558,있_37_img1558.png,37
1559,잉_49_img1559.png,49
1560,잊_37_img1560.png,37
1561,잎_37_img1561.png,37
1562,자_28_img1562.png,28
1563,작_37_img1563.png,37
1564,잔_28_img1564.png,28
1565,잖_32_img1565.png,32
1566,잗_37_img1566.png,37
1567,잘_49_img1567.png,49
1568,잚_28_img1568.png,28
1569,잠_4_img1569.png,4
1570,잡_4_img1570.png,4
1571,잣_28_img1571.png,28
1572,잤_28_img1572.png,28
1573,장_37_img1573.png,37
1574,잦_37_img1574.png,37
1575,재_32_img1575.png,32
1576,잭_37_img1576.png,37
1577,잰_37_img1577.png,37
1578,잴_37_img1578.png,37
1579,잼_37_img1579.png,37
1580,잽_32_img1580.png,32
1581,잿_49_img1581.png,49
1582,쟀_49_img1582.png,49
1583,쟁_4_img1583.png,4
1584,쟈_30_img1584.png,30
1585,쟉_49_img1585.png,49
1586,쟌_30_img1586.png,30
1587,쟎_32_img1587.png,32
1588,쟐_4_img1588.png,4
1589,쟘_32_img1589.png,32
1590,쟝_30_img1590.png,30
1591,쟤_49_img1591.png,49
1592,쟨_49_img1592.png,49
1593,쟬_28_img1593.png,28
1594,저_28_img1594.png,28
1595,적_37_img1595.png,37
1596,전_49_img1596.png,49
1597,절_4_img1597.png,4
1598,젊_49_img1598.png,49
1599,점_28_img1599.png,28
1600,접_4_img1600.png,4
1601,젓_28_img1601.png,28
1602,정_30_img1602.png,30
1603,젖_49_img1603.png,49
1604,제_32_img1604.png,32
1605,젝_49_img1605.png,49
1606,젠_28_img1606.png,28
1607,젤_37_img1607.png,37
1608,젬_28_img1608.png,28
1609,젭_49_img1609.png,49
1610,젯_28_img1610.png,28
1611,젱_37_img1611.png,37
1612,져_37_img1612.png,37
1613,젼_28_img1613.png,28
1614,졀_4_img1614.png,4
1615,졈_49_img1615.png,49
1616,졉_4_img1616.png,4
1617,졌_32_img1617.png,32
1618,졍_49_img1618.png,49
1619,졔_4_img1619.png,4
1620,조_32_img1620.png,32
1621,족_49_img1621.png,49
1622,존_49_img1622.png,49
1623,졸_4_img1623.png,4
1624,졺_30_img1624.png,30
1625,좀_30_img1625.png,30
1626,좁_32_img1626.png,32
1627,좃_49_img1627.png,49
1628,종_32_img1628.png,32
1629,좆_30_img1629.png,30
1630,좇_4_img1630.png,4
1631,좋_28_img1631.png,28
1632,좌_28_img1632.png,28
1633,좍_32_img1633.png,32
1634,좔_4_img1634.png,4
1635,좝_30_img1635.png,30
1636,좟_32_img1636.png,32
1637,좡_49_img1637.png,49
1638,좨_37_img1638.png,37
1639,좼_28_img1639.png,28
1640,좽_28_img1640.png,28
1641,죄_37_img1641.png,37
1642,죈_30_img1642.png,30
1643,죌_28_img1643.png,28
1644,죔_49_img1644.png,49
1645,죕_28_img1645.png,28
1646,죗_32_img1646.png,32
1647,죙_30_img1647.png,30
1648,죠_37_img1648.png,37
1649,죡_28_img1649.png,28
1650,죤_49_img1650.png,49
1651,죵_37_img1651.png,37
1652,주_32_img1652.png,32
1653,죽_30_img1653.png,30
1654,준_30_img1654.png,30
1655,줄_4_img1655.png,4
1656,줅_49_img1656.png,49
1657,줆_28_img1657.png,28
1658,줌_49_img1658.png,49
1659,줍_49_img1659.png,49
1660,줏_32_img1660.png,32
1661,중_49_img1661.png,49
1662,줘_49_img1662.png,49
1663,줬_32_img1663.png,32
1664,줴_32_img1664.png,32
1665,쥐_4_img1665.png,4
1666,쥑_30_img1666.png,30
1667,쥔_30_img1667.png,30
1668,쥘_28_img1668.png,28
1669,쥠_28_img1669.png,28
1670,쥡_32_img1670.png,32
1671,쥣_28_img1671.png,28
1672,쥬_28_img1672.png,28
1673,쥰_30_img1673.png,30
1674,쥴_30_img1674.png,30
1675,쥼_28_img1675.png,28
1676,즈_32_img1676.png,32
1677,즉_49_img1677.png,49
1678,즌_28_img1678.png,28
1679,즐_4_img1679.png,4
1680,즘_28_img1680.png,28
1681,즙_28_img1681.png,28
1682,즛_37_img1682.png,37
1683,증_4_img1683.png,4
1684,지_4_img1684.png,4
1685,직_32_img1685.png,32
1686,진_37_img1686.png,37
1687,짇_49_img1687.png,49
1688,질_49_img1688.png,49
1689,짊_37_img1689.png,37
1690,짐_30_img1690.png,30
1691,집_28_img1691.png,28
1692,짓_32_img1692.png,32
1693,징_4_img1693.png,4
1694,짖_30_img1694.png,30
1695,짙_37_img1695.png,37
1696,짚_4_img1696.png,4
1697,짜_30_img1697.png,30
1698,짝_49_img1698.png,49
1699,짠_49_img1699.png,49
1700,짢_49_img1700.png,49
1701,짤_4_img1701.png,4
1702,짧_28_img1702.png,28
1703,짬_4_img1703.png,4
1704,짭_49_img1704.png,49
1705,짯_28_img1705.png,28
1706,짰_28_img1706.png,28
1707,짱_49_img1707.png,49
1708,째_4_img1708.png,4
1709,짹_32_img1709.png,32
1710,짼_28_img1710.png,28
1711,쨀_4_img1711.png,4
1712,쨈_37_img1712.png,37
1713,쨉_30_img1713.png,30
1714,쨋_49_img1714.png,49
1715,쨌_37_img1715.png,37
1716,쨍_37_img1716.png,37
1717,쨔_30_img1717.png,30
1718,쨘_32_img1718.png,32
1719,쨩_30_img1719.png,30
1720,쩌_28_img1720.png,28
1721,쩍_30_img1721.png,30
1722,쩐_28_img1722.png,28
1723,쩔_4_img1723.png,4
1724,쩜_32_img1724.png,32
1725,쩝_32_img1725.png,32
1726,쩟_4_img1726.png,4
1727,쩠_49_img1727.png,49
1728,쩡_28_img1728.png,28
1729,쩨_32_img1729.png,32
1730,쩽_4_img1730.png,4
1731,쪄_37_img1731.png,37
1732,쪘_30_img1732.png,30
1733,쪼_30_img1733.png,30
1734,쪽_49_img1734.png,49
1735,쫀_32_img1735.png,32
1736,쫄_49_img1736.png,49
1737,쫌_32_img1737.png,32
1738,쫍_4_img1738.png,4
1739,쫏_37_img1739.png,37
1740,쫑_49_img1740.png,49
1741,쫓_4_img1741.png,4
1742,쫘_37_img1742.png,37
1743,쫙_37_img1743.png,37
1744,쫠_32_img1744.png,32
1745,쫬_30_img1745.png,30
1746,쫴_30_img1746.png,30
1747,쬈_28_img1747.png,28
1748,쬐_32_img1748.png,32
1749,쬔_4_img1749.png,4
1750,쬘_37_img1750.png,37
1751,쬠_30_img1751.png,30
1752,쬡_37_img1752.png,37
1753,쭁_32_img1753.png,32
1754,쭈_32_img1754.png,32
1755,쭉_49_img1755.png,49
1756,쭌_37_img1756.png,37
1757,쭐_4_img1757.png,4
1758,쭘_37_img1758.png,37
1759,쭙_49_img1759.png,49
1760,쭝_32_img1760.png,32
1761,쭤_30_img1761.png,30
1762,쭸_49_img1762.png,49
1763,쭹_49_img1763.png,49
1764,쮜_30_img1764.png,30
1765,쮸_49_img1765.png,49
1766,쯔_28_img1766.png,28
1767,쯤_49_img1767.png,49
1768,쯧_32_img1768.png,32
1769,쯩_4_img1769.png,4
1770,찌_32_img1770.png,32
1771,찍_4_img1771.png,4
1772,찐_37_img1772.png,37
1773,찔_28_img1773.png,28
1774,찜_28_img1774.png,28
1775,찝_37_img1775.png,37
1776,찡_30_img1776.png,30
1777,찢_4_img1777.png,4
1778,찧_30_img1778.png,30
1779,차_49_img1779.png,49
1780,착_32_img1780.png,32
1781,찬_49_img1781.png,49
1782,찮_37_img1782.png,37
1783,찰_49_img1783.png,49
1784,참_28_img1784.png,28
1785,찹_37_img1785.png,37
1786,찻_30_img1786.png,30
1787,찼_4_img1787.png,4
1788,창_32_img1788.png,32
1789,찾_30_img1789.png,30
1790,채_4_img1790.png,4
1791,책_32_img1791.png,32
1792,챈_37_img1792.png,37
1793,챌_49_img1793.png,49
1794,챔_37_img1794.png,37
1795,챕_32_img1795.png,32
1796,챗_28_img1796.png,28
1797,챘_4_img1797.png,4
1798,챙_28_img1798.png,28
1799,챠_30_img1799.png,30
1800,챤_49_img1800.png,49
1801,챦_37_img1801.png,37
1802,챨_32_img1802.png,32
1803,챰_30_img1803.png,30
1804,챵_4_img1804.png,4
1805,처_4_img1805.png,4
1806,척_4_img1806.png,4
1807,천_30_img1807.png,30
1808,철_49_img1808.png,49
1809,첨_28_img1809.png,28
1810,첩_30_img1810.png,30
1811,첫_4_img1811.png,4
1812,첬_49_img1812.png,49
1813,청_28_img1813.png,28
1814,체_37_img1814.png,37
1815,첵_4_img1815.png,4
1816,첸_32_img1816.png,32
1817,첼_30_img1817.png,30
1818,쳄_4_img1818.png,4
1819,쳅_28_img1819.png,28
1820,쳇_49_img1820.png,49
1821,쳉_37_img1821.png,37
1822,쳐_32_img1822.png,32
1823,쳔_28_img1823.png,28
1824,쳤_4_img1824.png,4
1825,쳬_30_img1825.png,30
1826,쳰_4_img1826.png,4
1827,촁_37_img1827.png,37
1828,초_30_img1828.png,30
1829,촉_30_img1829.png,30
1830,촌_28_img1830.png,28
1831,촐_32_img1831.png,32
1832,촘_32_img1832.png,32
1833,촙_49_img1833.png,49
1834,촛_49_img1834.png,49
1835,총_30_img1835.png,30
1836,촤_49_img1836.png,49
1837,촨_28_img1837.png,28
1838,촬_4_img1838.png,4
1839,촹_32_img1839.png,32
1840,최_49_img1840.png,49
1841,쵠_49_img1841.png,49
1842,쵤_4_img1842.png,4
1843,쵬_4_img1843.png,4
1844,쵭_4_img1844.png,4
1845,쵯_4_img1845.png,4
1846,쵱_30_img1846.png,30
1847,쵸_28_img1847.png,28
1848,춈_37_img1848.png,37
1849,추_49_img1849.png,49
1850,축_37_img1850.png,37
1851,춘_28_img1851.png,28
1852,출_32_img1852.png,32
1853,춤_32_img1853.png,32
1854,춥_30_img1854.png,30
1855,춧_4_img1855.png,4
1856,충_49_img1856.png,49
1857,춰_37_img1857.png,37
1858,췄_37_img1858.png,37
1859,췌_37_img1859.png,37
1860,췐_28_img1860.png,28
1861,취_37_img1861.png,37
1862,췬_49_img1862.png,49
1863,췰_30_img1863.png,30
1864,췸_37_img1864.png,37
1865,췹_49_img1865.png,49
1866,췻_37_img1866.png,37
1867,췽_30_img1867.png,30
1868,츄_49_img1868.png,49
1869,츈_37_img1869.png,37
1870,츌_49_img1870.png,49
1871,츔_37_img1871.png,37
1872,츙_30_img1872.png,30
1873,츠_4_img1873.png,4
1874,측_49_img1874.png,49
1875,츤_30_img1875.png,30
1876,츨_49_img1876.png,49
1877,츰_28_img1877.png,28
1878,츱_4_img1878.png,4
1879,츳_30_img1879.png,30
1880,층_28_img1880.png,28
1881,치_49_img1881.png,49
1882,칙_32_img1882.png,32
1883,친_28_img1883.png,28
1884,칟_37_img1884.png,37
1885,칠_37_img1885.png,37
1886,칡_37_img1886.png,37
1887,침_4_img1887.png,4
1888,칩_37_img1888.png,37
1889,칫_30_img1889.png,30
1890,칭_30_img1890.png,30
1891,카_49_img1891.png,49
1892,칵_28_img1892.png,28
1893,칸_28_img1893.png,28
1894,칼_4_img1894.png,4
1895,캄_4_img1895.png,4
1896,캅_32_img1896.png,32
1897,캇_28_img1897.png,28
1898,캉_4_img1898.png,4
1899,캐_49_img1899.png,49
1900,캑_37_img1900.png,37
1901,캔_30_img1901.png,30
1902,캘_4_img1902.png,4
1903,캠_49_img1903.png,49
1904,캡_4_img1904.png,4
1905,캣_32_img1905.png,32
1906,캤_49_img1906.png,49
1907,캥_4_img1907.png,4
1908,캬_28_img1908.png,28
1909,캭_37_img1909.png,37
1910,컁_4_img1910.png,4
1911,커_4_img1911.png,4
1912,컥_37_img1912.png,37
1913,컨_30_img1913.png,30
1914,컫_28_img1914.png,28
1915,컬_32_img1915.png,32
1916,컴_30_img1916.png,30
1917,컵_28_img1917.png,28
1918,컷_4_img1918.png,4
1919,컸_4_img1919.png,4
1920,컹_49_img1920.png,49
1921,케_49_img1921.png,49
1922,켁_4_img1922.png,4
1923,켄_4_img1923.png,4
1924,켈_30_img1924.png,30
1925,켐_28_img1925.png,28
1926,켑_37_img1926.png,37
1927,켓_4_img1927.png,4
1928,켕_30_img1928.png,30
1929,켜_32_img1929.png,32
1930,켠_32_img1930.png,32
1931,켤_30_img1931.png,30
1932,켬_28_img1932.png,28
1933,켭_32_img1933.png,32
1934,켯_4_img1934.png,4
1935,켰_4_img1935.png,4
1936,켱_30_img1936.png,30
1937,켸_28_img1937.png,28
1938,코_28_img1938.png,28
1939,콕_30_img1939.png,30
1940,콘_30_img1940.png,30
1941,콜_28_img1941.png,28
1942,콤_37_img1942.png,37
1943,콥_37_img1943.png,37
1944,콧_30_img1944.png,30
1945,콩_32_img1945.png,32
1946,콰_49_img1946.png,49
1947,콱_32_img1947.png,32
1948,콴_28_img1948.png,28
1949,콸_28_img1949.png,28
1950,쾀_49_img1950.png,49
1951,쾅_37_img1951.png,37
1952,쾌_30_img1952.png,30
1953,쾡_4_img1953.png,4
1954,쾨_4_img1954.png,4
1955,쾰_28_img1955.png,28
1956,쿄_32_img1956.png,32
1957,쿠_4_img1957.png,4
1958,쿡_32_img1958.png,32
1959,쿤_37_img1959.png,37
1960,쿨_37_img1960.png,37
1961,쿰_28_img1961.png,28
1962,쿱_30_img1962.png,30
1963,쿳_49_img1963.png,49
1964,쿵_28_img1964.png,28
1965,쿼_4_img1965.png,4
1966,퀀_49_img1966.png,49
1967,퀄_32_img1967.png,32
1968,퀑_32_img1968.png,32
1969,퀘_30_img1969.png,30
1970,퀭_37_img1970.png,37
1971,퀴_4_img1971.png,4
1972,퀵_37_img1972.png,37
1973,퀸_37_img1973.png,37
1974,퀼_32_img1974.png,32
1975,큄_37_img1975.png,37
1976,큅_32_img1976.png,32
1977,큇_49_img1977.png,49
1978,큉_49_img1978.png,49
1979,큐_37_img1979.png,37
1980,큔_30_img1980.png,30
1981,큘_32_img1981.png,32
1982,큠_32_img1982.png,32
1983,크_49_img1983.png,49
1984,큭_30_img1984.png,30
1985,큰_30_img1985.png,30
1986,클_37_img1986.png,37
1987,큼_28_img1987.png,28
1988,큽_32_img1988.png,32
1989,킁_49_img1989.png,49
1990,키_4_img1990.png,4
1991,킥_30_img1991.png,30
1992,킨_28_img1992.png,28
1993,킬_49_img1993.png,49
1994,킴_28_img1994.png,28
1995,킵_32_img1995.png,32
1996,킷_30_img1996.png,30
1997,킹_4_img1997.png,4
1998,타_37_img1998.png,37
1999,탁_30_img1999.png,30
2000,탄_49_img2000.png,49
2001,탈_49_img2001.png,49
2002,탉_4_img2002.png,4
2003,탐_28_img2003.png,28
2004,탑_4_img2004.png,4
2005,탓_4_img2005.png,4
2006,탔_28_img2006.png,28
2007,탕_4_img2007.png,4
2008,태_37_img2008.png,37
2009,택_4_img2009.png,4
2010,탠_49_img2010.png,49
2011,탤_32_img2011.png,32
2012,탬_4_img2012.png,4
2013,탭_4_img2013.png,4
2014,탯_4_img2014.png,4
2015,탰_37_img2015.png,37
2016,탱_28_img2016.png,28
2017,탸_32_img2017.png,32
2018,턍_49_img2018.png,49
2019,터_30_img2019.png,30
2020,턱_32_img2020.png,32
2021,턴_4_img2021.png,4
2022,털_28_img2022.png,28
2023,턺_28_img2023.png,28
2024,텀_32_img2024.png,32
2025,텁_4_img2025.png,4
2026,텃_32_img2026.png,32
2027,텄_49_img2027.png,49
2028,텅_4_img2028.png,4
2029,테_4_img2029.png,4
2030,텍_28_img2030.png,28
2031,텐_4_img2031.png,4
2032,텔_28_img2032.png,28
2033,템_49_img2033.png,49
2034,텝_28_img2034.png,28
2035,텟_32_img2035.png,32
2036,텡_49_img2036.png,49
2037,텨_37_img2037.png,37
2038,텬_37_img2038.png,37
2039,텼_4_img2039.png,4
2040,톄_30_img2040.png,30
2041,톈_4_img2041.png,4
2042,토_49_img2042.png,49
2043,톡_4_img2043.png,4
2044,톤_30_img2044.png,30
2045,톨_30_img2045.png,30
2046,톰_28_img2046.png,28
2047,톱_30_img2047.png,30
2048,톳_30_img2048.png,30
2049,통_30_img2049.png,30
2050,톺_4_img2050.png,4
2051,톼_49_img2051.png,49
2052,퇀_30_img2052.png,30
2053,퇘_30_img2053.png,30
2054,퇴_49_img2054.png,49
2055,퇸_49_img2055.png,49
2056,툇_37_img2056.png,37
2057,툉_28_img2057.png,28
2058,툐_37_img2058.png,37
2059,투_30_img2059.png,30
2060,툭_49_img2060.png,49
2061,툰_4_img2061.png,4
2062,툴_4_img2062.png,4
2063,툼_37_img2063.png,37
2064,툽_32_img2064.png,32
2065,툿_28_img2065.png,28
2066,퉁_49_img2066.png,49
2067,퉈_32_img2067.png,32
2068,퉜_32_img2068.png,32
2069,퉤_37_img2069.png,37
2070,튀_49_img2070.png,49
2071,튁_37_img2071.png,37
2072,튄_30_img2072.png,30
2073,튈_49_img2073.png,49
2074,튐_37_img2074.png,37
2075,튑_32_img2075.png,32
2076,튕_37_img2076.png,37
2077,튜_4_img2077.png,4
2078,튠_4_img2078.png,4
2079,튤_37_img2079.png,37
2080,튬_28_img2080.png,28
2081,튱_30_img2081.png,30
2082,트_32_img2082.png,32
2083,특_28_img2083.png,28
2084,튼_28_img2084.png,28
2085,튿_37_img2085.png,37
2086,틀_37_img2086.png,37
2087,틂_28_img2087.png,28
2088,틈_32_img2088.png,32
2089,틉_32_img2089.png,32
2090,틋_37_img2090.png,37
2091,틔_4_img2091.png,4
2092,틘_28_img2092.png,28
2093,틜_32_img2093.png,32
2094,틤_30_img2094.png,30
2095,틥_49_img2095.png,49
2096,티_30_img2096.png,30
2097,틱_4_img2097.png,4
2098,틴_30_img2098.png,30
2099,틸_4_img2099.png,4
2100,팀_4_img2100.png,4
2101,팁_32_img2101.png,32
2102,팃_49_img2102.png,49
2103,팅_32_img2103.png,32
2104,파_4_img2104.png,4
2105,팍_28_img2105.png,28
2106,팎_30_img2106.png,30
2107,판_37_img2107.png,37
2108,팔_32_img2108.png,32
2109,팖_32_img2109.png,32
2110,팜_30_img2110.png,30
2111,팝_32_img2111.png,32
2112,팟_4_img2112.png,4
2113,팠_37_img2113.png,37
2114,팡_32_img2114.png,32
2115,팥_49_img2115.png,49
2116,패_32_img2116.png,32
2117,팩_28_img2117.png,28
2118,팬_49_img2118.png,49
2119,팰_28_img2119.png,28
2120,팸_37_img2120.png,37
2121,팹_37_img2121.png,37
2122,팻_28_img2122.png,28
2123,팼_28_img2123.png,28
2124,팽_49_img2124.png,49
2125,퍄_32_img2125.png,32
2126,퍅_37_img2126.png,37
2127,퍼_37_img2127.png,37
2128,퍽_49_img2128.png,49
2129,펀_37_img2129.png,37
2130,펄_49_img2130.png,49
2131,펌_30_img2131.png,30
2132,펍_49_img2132.png,49
2133,펏_49_img2133.png,49
2134,펐_37_img2134.png,37
2135,펑_37_img2135.png,37
2136,페_4_img2136.png,4
2137,펙_37_img2137.png,37
2138,펜_28_img2138.png,28
2139,펠_49_img2139.png,49
2140,펨_32_img2140.png,32
2141,펩_30_img2141.png,30
2142,펫_4_img2142.png,4
2143,펭_32_img2143.png,32
2144,펴_49_img2144.png,49
2145,편_30_img2145.png,30
2146,펼_30_img2146.png,30
2147,폄_49_img2147.png,49
2148,폅_28_img2148.png,28
2149,폈_49_img2149.png,49
2150,평_37_img2150.png,37
2151,폐_49_img2151.png,49
2152,폘_4_img2152.png,4
2153,폡_4_img2153.png,4
2154,폣_49_img2154.png,49
2155,포_37_img2155.png,37
2156,폭_28_img2156.png,28
2157,폰_49_img2157.png,49
2158,폴_37_img2158.png,37
2159,폼_4_img2159.png,4
2160,폽_49_img2160.png,49
2161,폿_32_img2161.png,32
2162,퐁_28_img2162.png,28
2163,퐈_30_img2163.png,30
2164,퐝_4_img2164.png,4
2165,푀_32_img2165.png,32
2166,푄_30_img2166.png,30
2167,표_32_img2167.png,32
2168,푠_4_img2168.png,4
2169,푤_32_img2169.png,32
2170,푭_28_img2170.png,28
2171,푯_32_img2171.png,32
2172,푸_4_img2172.png,4
2173,푹_28_img2173.png,28
2174,푼_4_img2174.png,4
2175,푿_32_img2175.png,32
2176,풀_28_img2176.png,28
2177,풂_30_img2177.png,30
2178,품_30_img2178.png,30
2179,풉_49_img2179.png,49
2180,풋_32_img2180.png,32
2181,풍_37_img2181.png,37
2182,풔_37_img2182.png,37
2183,풩_30_img2183.png,30
2184,퓌_49_img2184.png,49
2185,퓐_32_img2185.png,32
2186,퓔_4_img2186.png,4
2187,퓜_49_img2187.png,49
2188,퓟_30_img2188.png,30
2189,퓨_49_img2189.png,49
2190,퓬_32_img2190.png,32
2191,퓰_49_img2191.png,49
2192,퓸_32_img2192.png,32
2193,퓻_32_img2193.png,32
2194,퓽_28_img2194.png,28
2195,프_4_img2195.png,4
2196,픈_4_img2196.png,4
2197,플_32_img2197.png,32
2198,픔_32_img2198.png,32
2199,픕_4_img2199.png,4
2200,픗_30_img2200.png,30
2201,피_28_img2201.png,28
2202,픽_32_img2202.png,32
2203,핀_49_img2203.png,49
2204,필_37_img2204.png,37
2205,핌_30_img2205.png,30
2206,핍_37_img2206.png,37
2207,핏_37_img2207.png,37
2208,핑_37_img2208.png,37
2209,하_4_img2209.png,4
2210,학_4_img2210.png,4
2211,한_32_img2211.png,32
2212,할_30_img2212.png,30
2213,핥_30_img2213.png,30
2214,함_28_img2214.png,28
2215,합_28_img2215.png,28
2216,핫_4_img2216.png,4
2217,항_28_img2217.png,28
2218,해_49_img2218.png,49
2219,핵_30_img2219.png,30
2220,핸_28_img2220.png,28
2221,핼_30_img2221.png,30
2222,햄_49_img2222.png,49
2223,햅_4_img2223.png,4
2224,햇_49_img2224.png,49
2225,했_49_img2225.png,49
2226,행_37_img2226.png,37
2227,햐_28_img2227.png,28
2228,향_28_img2228.png,28
2229,허_49_img2229.png,49
2230,헉_49_img2230.png,49
2231,헌_37_img2231.png,37
2232,헐_37_img2232.png,37
2233,헒_49_img2233.png,49
2234,험_30_img2234.png,30
2235,헙_37_img2235.png,37
2236,헛_32_img2236.png,32
2237,헝_37_img2237.png,37
2238,헤_37_img2238.png,37
2239,헥_4_img2239.png,4
2240,헨_32_img2240.png,32
2241,헬_28_img2241.png,28
2242,헴_32_img2242.png,32
2243,헵_37_img2243.png,37
2244,헷_4_img2244.png,4
2245,헹_37_img2245.png,37
2246,혀_4_img2246.png,4
2247,혁_49_img2247.png,49
2248,현_28_img2248.png,28
2249,혈_28_img2249.png,28
2250,혐_4_img2250.png,4
2251,협_4_img2251.png,4
2252,혓_28_img2252.png,28
2253,혔_37_img2253.png,37
2254,형_49_img2254.png,49
2255,혜_32_img2255.png,32
2256,혠_4_img2256.png,4
2257,혤_32_img2257.png,32
2258,혭_28_img2258.png,28
2259,호_49_img2259.png,49
2260,혹_4_img2260.png,4
2261,혼_28_img2261.png,28
2262,홀_4_img2262.png,4
2263,홅_37_img2263.png,37
2264,홈_30_img2264.png,30
2265,홉_37_img2265.png,37
2266,홋_28_img2266.png,28
2267,홍_37_img2267.png,37
2268,홑_49_img2268.png,49
2269,화_28_img2269.png,28
2270,확_28_img2270.png,28
2271,환_28_img2271.png,28
2272,활_4_img2272.png,4
2273,홧_37_img2273.png,37
2274,황_37_img2274.png,37
2275,홰_28_img2275.png,28
2276,홱_37_img2276.png,37
2277,홴_32_img2277.png,32
2278,횃_37_img2278.png,37
2279,횅_28_img2279.png,28
2280,회_32_img2280.png,32
2281,획_28_img2281.png,28
2282,횐_32_img2282.png,32
2283,횔_32_img2283.png,32
2284,횝_37_img2284.png,37
2285,횟_49_img2285.png,49
2286,횡_49_img2286.png,49
2287,효_4_img2287.png,4
2288,횬_32_img2288.png,32
2289,횰_28_img2289.png,28
2290,횹_30_img2290.png,30
2291,횻_4_img2291.png,4
2292,후_30_img2292.png,30
2293,훅_30_img2293.png,30
2294,훈_28_img2294.png,28
2295,훌_30_img2295.png,30
2296,훑_32_img2296.png,32
2297,훔_49_img2297.png,49
2298,훗_28_img2298.png,28
2299,훙_49_img2299.png,49
2300,훠_4_img2300.png,4
2301,훤_49_img2301.png,49
2302,훨_30_img2302.png,30
2303,훰_49_img2303.png,49
2304,훵_37_img2304.png,37
2305,훼_37_img2305.png,37
2306,훽_28_img2306.png,28
2307,휀_37_img2307.png,37
2308,휄_32_img2308.png,32
2309,휑_30_img2309.png,30
2310,휘_32_img2310.png,32
2311,휙_28_img2311.png,28
2312,휜_37_img2312.png,37
2313,휠_49_img2313.png,49
2314,휨_28_img2314.png,28
2315,휩_37_img2315.png,37
2316,휫_28_img2316.png,28
2317,휭_32_img2317.png,32
2318,휴_28_img2318.png,28
2319,휵_32_img2319.png,32
2320,휸_28_img2320.png,28
2321,휼_28_img2321.png,28
2322,흄_32_img2322.png,32
2323,흇_32_img2323.png,32
2324,흉_49_img2324.png,49
2325,흐_32_img2325.png,32
2326,흑_49_img2326.png,49
2327,흔_28_img2327.png,28
2328,흖_32_img2328.png,32
2329,흗_37_img2329.png,37
2330,흘_4_img2330.png,4
2331,흙_37_img2331.png,37
2332,흠_37_img2332.png,37
2333,흡_32_img2333.png,32
2334,흣_30_img2334.png,30
2335,흥_28_img2335.png,28
2336,흩_32_img2336.png,32
2337,희_37_img2337.png,37
2338,흰_4_img2338.png,4
2339,흴_49_img2339.png,49
2340,흼_37_img2340.png,37
2341,흽_37_img2341.png,37
2342,힁_28_img2342.png,28
2343,히_37_img2343.png,37
2344,힉_30_img2344.png,30
2345,힌_32_img2345.png,32
2346,힐_4_img2346.png,4
2347,힘_4_img2347.png,4
2348,힙_37_img2348.png,37
2349,힛_30_img2349.png,30
2350,힝_28_img2350.png,28
